[
    {
        "name": "ESX Police Job",
        "author": "ESX",
        "folder": "esx_policejob",
        "license": "https://raw.githubusercontent.com/ESX-Org/esx_policejob/master/LICENSE",
        "requires": [
            "ESX"
        ],
        "versions": [
            {
                "version": "1.3.0",
                "download": "https://github.com/ESX-Org/esx_policejob/archive/1.3.0.zip",
                "path": "esx_policejob-1.3.0"
            },
            {
                "version": "1.2.0",
                "download": "https://github.com/ESX-Org/esx_policejob/archive/1.2.0.zip",
                "path": "esx_policejob-1.2.0"
            },
            {
                "version": "1.1.0",
                "download": "https://github.com/ESX-Org/esx_policejob/archive/1.1.0.zip",
                "path": "esx_policejob-1.1.0"
            }
        ]
    },
    {
        "name": "ESX",
        "author": "ESX",
        "folder": "es_extended",
        "license": "https://raw.githubusercontent.com/ESX-Org/es_extended/master/LICENSE",
        "requires": [
            "mysql-async",
            "async"
        ],
        "versions": [
            {
                "version": "1.1.0",
                "download": "https://github.com/ESX-Org/es_extended/archive/1.1.0.zip",
                "path": "es_extended-1.1.0"
            },
            {
                "version": "1.0.14",
                "download": "https://github.com/ESX-Org/es_extended/archive/1.0.14.zip",
                "path": "es_extended-1.0.14"
            },
            {
                "version": "1.0.13",
                "download": "https://github.com/ESX-Org/es_extended/archive/1.0.13.zip",
                "path": "es_extended-1.0.13"
            }
        ]
    },
    {
        "name": "MySQL for EssentialMode",
        "author": "kanersps",
        "folder": "esplugin_mysql",
        "requires": [
            "mysql-async"
        ],
        "versions": [
            {
                "version": "d63509c1500863d3d00930619bd00e9489daa2c3",
                "download": "https://github.com/kanersps/esplugin_mysql/archive/d63509c1500863d3d00930619bd00e9489daa2c3.zip",
                "path": "essentialmode-d63509c1500863d3d00930619bd00e9489daa2c3"
            }
        ]
    },
    {
        "name": "SecurityCams for ESX",
        "author": "LifeGoal",
        "folder": "esx_securitycams",
        "license": "https://raw.githubusercontent.com/creativecommons/legalcode/master/by-nc-nd_4.0.txt",
        "requires": [
            "ESX",
            "ESX Police Job"
        ],
        "versions": [
            {
                "version": "5ec42c77d844f6f5f937c6e8c9b9e65de3c14103",
                "download": "https://github.com/LifeGoal/esx_securitycam/archive/5ec42c77d844f6f5f937c6e8c9b9e65de3c14103.zip",
                "path": "esx_securitycam-5ec42c77d844f6f5f937c6e8c9b9e65de3c14103"
            },
            {
                "version": "2.0.1",
                "download": "https://github.com/LifeGoal/esx_securitycam/archive/2.0.1.zip",
                "path": "esx_securitycam-2.0.1"
            }
        ]
    },
    {
        "name": "SecurityCams",
        "author": "xander1998",
        "folder": "securitycams",
        "license": "https://raw.githubusercontent.com/creativecommons/legalcode/master/by-nc-nd_4.0.txt",
        "versions": [
            {
                "version": "9e9c151d4c1d55b4fcd18b668b5cdca6b70c4df0",
                "download": "https://github.com/xander1998/securitycams/archive/9e9c151d4c1d55b4fcd18b668b5cdca6b70c4df0.zip",
                "path": "securitycams-9e9c151d4c1d55b4fcd18b668b5cdca6b70c4df0"
            }
        ]
    },
    {
        "name": "vRP",
        "author": "ImagicTheCat",
        "folder": "vrp",
        "license": "https://raw.githubusercontent.com/ImagicTheCat/vRP/master/LICENSE",
        "versions": [
            {
                "version": "2.0 (c33ed0d0a6228e4438fa53cdf90128379844380d)",
                "download": "https://github.com/ImagicTheCat/vRP/archive/c33ed0d0a6228e4438fa53cdf90128379844380d.zip",
                "path": "vRP-c33ed0d0a6228e4438fa53cdf90128379844380d\\vrp"
            },
            {
                "version": "1.0",
                "download": "https://github.com/ImagicTheCat/vRP/archive/1.0.zip",
                "path": "vRP-1.0\\vrp"
            }
        ]
    },
    {
        "name": "NativeUI Lua Reloaded",
        "author": "iTexZoz",
        "folder": "NativeUI",
        "license": "https://raw.githubusercontent.com/iTexZoz/NativeUILua_Reloaded/master/LICENSE.md",
        "versions": [
            {
                "version": "2.0.0",
                "download": "https://github.com/iTexZoz/NativeUILua_Reloaded/archive/2.0.0.zip",
                "path": "NativeUILua_Reloaded-2.0.0"
            },
            {
                "version": "1.0.7",
                "download": "https://github.com/iTexZoz/NativeUILua_Reloaded/archive/1.0.7.zip",
                "path": "NativeUILua_Reloaded-1.0.7"
            },
            {
                "version": "1.0.6",
                "download": "https://github.com/iTexZoz/NativeUILua_Reloaded/archive/1.0.6.zip",
                "path": "NativeUILua_Reloaded-1.0.6"
            }
        ]
    },
    {
        "name": "NativeUI Lua (Deprecated)",
        "author": "FrazzIe",
        "folder": "NativeUI",
        "versions": [
            {
                "version": "2.1.0",
                "download": "https://github.com/FrazzIe/NativeUILua/archive/2.1.0.zip",
                "path": "NativeUILua-2.1.0\\NativeUI"
            },
            {
                "version": "2.0.0",
                "download": "https://github.com/FrazzIe/NativeUILua/archive/2.0.0.zip",
                "path": "NativeUILua-2.0.0\\NativeUI"
            },
            {
                "version": "1.1.0",
                "download": "https://github.com/FrazzIe/NativeUILua/archive/1.1.0.zip",
                "path": "NativeUILua-1.1.0\\NativeUI"
            }
        ]
    },
    {
        "name": "EasyAdmin",
        "author": "Blue",
        "folder": "EasyAdmin",
        "license": "https://raw.githubusercontent.com/Bluethefurry/EasyAdmin/master/LICENSE.md",
        "versions": [
            {
                "version": "4.91",
                "download": "https://github.com/Bluethefurry/EasyAdmin/archive/4.91.zip",
                "path": "EasyAdmin-4.91"
            },
            {
                "version": "4.8",
                "download": "https://github.com/Bluethefurry/EasyAdmin/archive/4.8.zip",
                "path": "EasyAdmin-4.8"
            },
            {
                "version": "4.7",
                "download": "https://github.com/Bluethefurry/EasyAdmin/archive/4.7.zip",
                "path": "EasyAdmin-4.7"
            }
        ]
    },
    {
        "name": "LiveMap",
        "author": "TGRHavoc",
        "folder": "live_map",
        "license": "https://raw.githubusercontent.com/TGRHavoc/live_map/master/license",
        "instructions": "https://github.com/TGRHavoc/live_map#how-to-install",
        "versions": [
            {
                "version": "2.3.4",
                "download": "https://github.com/TGRHavoc/live_map/archive/v2.3.4.zip",
                "path": "live_map-2.3.4"
            },
            {
                "version": "2.3.2",
                "download": "https://github.com/TGRHavoc/live_map/archive/v2.3.2.zip",
                "path": "live_map-2.3.2"
            },
            {
                "version": "2.3.1",
                "download": "https://github.com/TGRHavoc/live_map/archive/v2.3.1.zip",
                "path": "live_map-2.3.1"
            }
        ]
    },
    {
        "name": "Luxart Vehicle Control",
        "author": "Lt.Caine",
        "folder": "lux_vehcontrol",
        "path": "lux_vehcontrol",
        "versions": [
            {
                "version": "1.01",
                "download": "https://forum.fivem.net/uploads/default/original/2X/1/177659060c024f93bfa20450856734f5ea31ab52.rar",
                "compression": 2
            }
        ]
    },
    {
        "name": "mraes' Heli Script",
        "author": "mraes",
        "folder": "heli",
        "path": "heli",
        "versions": [
            {
                "version": "1.0",
                "download": "https://forum.fivem.net/uploads/default/original/2X/c/c32a4e8b175dae17b1b475b702d42d1bfd1869f1.zip"
            }
        ]
    },
    {
        "name": "Wraith Radar System",
        "author": "WolfKnight",
        "folder": "wk_wrs",
        "path": "wk_wrs",
        "versions": [
            {
                "version": "1.0.2",
                "download": "https://forum.fivem.net/uploads/default/original/3X/f/d/fd09a66fe910d8732eeaae371992908975b51bb6.zip"
            },
            {
                "version": "1.0.1",
                "download": "https://forum.fivem.net/uploads/default/original/3X/b/1/b1f076bcdb3de2e99afa619f5ba55c4dac0165a6.zip"
            },
            {
                "version": "1.0.0",
                "download": "https://forum.fivem.net/uploads/default/original/3X/d/a/da83ab94d97374807cce122d0811f50bc5f7a56c.zip"
            }
        ]
    },
    {
        "name": "Emergency Lighting System (ELS)",
        "author": "MrDaGree",
        "folder": "els",
        "license": "https://raw.githubusercontent.com/MrDaGree/ELS-FiveM/master/LICENSE",
        "versions": [
            {
                "version": "1.75",
                "download": "https://github.com/MrDaGree/ELS-FiveM/archive/1.75.zip",
                "path": "ELS-FiveM-1.75"
            },
            {
                "version": "1.7",
                "download": "https://github.com/MrDaGree/ELS-FiveM/archive/1.75.zip",
                "path": "ELS-FiveM-1.7"
            },
            {
                "version": "1.1.3a Hotfix",
                "download": "https://github.com/MrDaGree/ELS-FiveM/archive/1.1.3(a).zip",
                "path": "ELS-FiveM-1.1.3-a-"
            }
        ]
    },
    {
        "name": "mysql-async",
        "author": "brouznouf",
        "folder": "mysql-async",
        "license": "https://raw.githubusercontent.com/brouznouf/fivem-mysql-async/master/LICENSE",
        "instructions": "https://github.com/brouznouf/fivem-mysql-async#configuration",
        "versions": [
            {
                "version": "3.2.0",
                "download": "https://github.com/brouznouf/fivem-mysql-async/archive/3.2.0.zip",
                "path": "fivem-mysql-async-3.2.0"
            },
            {
                "version": "3.1.1",
                "download": "https://github.com/brouznouf/fivem-mysql-async/archive/3.1.1.zip",
                "path": "fivem-mysql-async-3.1.1"
            },
            {
                "version": "3.1.0",
                "download": "https://github.com/brouznouf/fivem-mysql-async/archive/3.1.0.zip",
                "path": "fivem-mysql-async-3.1.0"
            }
        ]
    },
    {
        "name": "ghmattimysql",
        "author": "GHMatti",
        "folder": "ghmattimysql",
        "license": "https://raw.githubusercontent.com/FiveM-Scripts/Cops_FiveM/master/LICENSE",
        "instructions": "https://github.com/GHMatti/ghmattimysql#configuration-via-configjson",
        "versions": [
            {
                "version": "1.2.1",
                "download": "https://github.com/GHMatti/ghmattimysql/releases/download/1.2.1/ghmattimysql.zip",
                "path": "ghmattimysql"
            },
            {
                "version": "1.2.0",
                "download": "https://github.com/GHMatti/ghmattimysql/releases/download/1.2.0/ghmattimysql.zip",
                "path": "ghmattimysql"
            },
            {
                "version": "1.1.0",
                "download": "https://github.com/GHMatti/ghmattimysql/releases/download/1.1.0/ghmattimysql.zip",
                "path": "ghmattimysql"
            }
        ]
    },
    {
        "name": "Cops FiveM",
        "author": "Kyominii",
        "folder": "police",
        "license": "https://raw.githubusercontent.com/FiveM-Scripts/Cops_FiveM/master/LICENSE",
        "requires": [
            "ghmattimysql"
        ],
        "versions": [
            {
                "version": "1.4.7",
                "download": "https://github.com/FiveM-Scripts/Cops_FiveM/archive/1.4.7.zip",
                "path": "Cops_FiveM-1.4.7\\police"
            },
            {
                "version": "1.4.6",
                "download": "https://github.com/FiveM-Scripts/Cops_FiveM/archive/1.4.6.zip",
                "path": "Cops_FiveM-1.4.6\\police"
            },
            {
                "version": "1.4.5",
                "download": "https://github.com/FiveM-Scripts/Cops_FiveM/archive/1.4.5.zip",
                "path": "Cops_FiveM-1.4.5\\police"
            }
        ]
    },
    {
        "name": "FRFuel",
        "author": "ESX",
        "folder": "frfuel",
        "license": "https://raw.githubusercontent.com/thers/FRFuel/master/LICENSE.md",
        "versions": [
            {
                "version": "1.7.0",
                "download": "https://github.com/thers/FRFuel/releases/download/v1.7.0/frfuel_v1.7.0.zip"
            },
            {
                "version": "1.6.0",
                "download": "https://github.com/thers/FRFuel/releases/download/v1.6.0/frfuel_v1.6.0.zip"
            },
            {
                "version": "1.3.0",
                "download": "https://github.com/thers/FRFuel/releases/download/v1.3.0/frfuel_v1.3.0.zip"
            }
        ]
    },
    {
        "name": "async",
        "author": "ESX",
        "folder": "async",
        "license": "https://raw.githubusercontent.com/ESX-Org/async/master/LICENSE",
        "versions": [
            {
                "version": "1.0.1",
                "download": "https://github.com/ESX-Org/async/archive/1.0.1.zip",
                "path": "async-1.0.1"
            },
            {
                "version": "1.0.0",
                "download": "https://github.com/ESX-Org/async/archive/1.0.0.zip",
                "path": "async-1.0.0"
            }
        ]
    },
    {
        "name": "vSync",
        "author": "TomGrobbe",
        "folder": "vSync",
        "license": "https://raw.githubusercontent.com/TomGrobbe/vSync/master/LICENSE",
        "versions": [
            {
                "version": "1.4.0",
                "download": "https://github.com/TomGrobbe/vSync/archive/v1.4.0.zip",
                "path": "vSync-1.4.0\\vSync"
            },
            {
                "version": "1.3.0",
                "download": "https://github.com/TomGrobbe/vSync/archive/v1.3.0.zip",
                "path": "vSync-1.3.0\\vSync"
            },
            {
                "version": "1.2.1",
                "download": "https://github.com/TomGrobbe/vSync/archive/v1.2.1.zip",
                "path": "vSync-1.2.1\\vSync"
            }
        ]
    },
    {
        "name": "vMenu",
        "author": "TomGrobbe",
        "folder": "vMenu",
        "license": "https://raw.githubusercontent.com/TomGrobbe/vMenu/master/LICENSE.md",
        "instructions": "https://docs.vespura.com/vmenu/installation/#installation-steps",
        "versions": [
            {
                "version": "3.0.3",
                "download": "https://github.com/TomGrobbe/vMenu/releases/download/v3.0.3/vMenu-v3.0.3.zip"
            },
            {
                "version": "3.0.2",
                "download": "https://github.com/TomGrobbe/vMenu/releases/download/v3.0.2/vMenu-v3.0.2.zip"
            },
            {
                "version": "3.0.1",
                "download": "https://github.com/TomGrobbe/vMenu/releases/download/v3.0.1/vMenu-v3.0.1.zip"
            }
        ]
    }
]
